{"cameraMode":{"drawMode":0,"name":"Shaded","section":"Shading Mode"},"sceneLighting":true,"audioPlay":false,"sceneViewState":{"showFog":true,"showMaterialUpdate":false,"showSkybox":true,"showFlares":true,"showImageEffects":true,"showParticleSystems":true},"in2DMode":false,"pivot":{"x":-1.2866911888122559,"y":0.020782405510544778,"z":-4.383468151092529},"rotation":{"x":-0.006309134420007467,"y":0.01259646750986576,"z":-0.00007949020800879225,"w":-0.999900758266449},"size":16.519479751586915,"orthographic":true}